[
  {"code": "11", "name": "函館"},
  {"code": "12", "name": "青森"},
  {"code": "13", "name": "いわき平"},
  {"code": "21", "name": "弥彦"},
  {"code": "22", "name": "前橋"},
  {"code": "23", "name": "取手"},
  {"code": "24", "name": "宇都宮"},
  {"code": "25", "name": "大宮"},
  {"code": "26", "name": "西武園"},
  {"code": "27", "name": "京王閣"},
  {"code": "28", "name": "立川"},
  {"code": "31", "name": "松戸"},
  {"code": "32", "name": "千葉"},
  {"code": "33", "name": "川崎"},
  {"code": "34", "name": "平塚"},
  {"code": "35", "name": "小田原"},
  {"code": "36", "name": "伊東温泉"},
  {"code": "37", "name": "静岡"},
  {"code": "41", "name": "名古屋"},
  {"code": "42", "name": "岐阜"},
  {"code": "43", "name": "大垣"},
  {"code": "44", "name": "豊橋"},
  {"code": "45", "name": "富山"},
  {"code": "46", "name": "松阪"},
  {"code": "47", "name": "四日市"},
  {"code": "51", "name": "福井"},
  {"code": "52", "name": "奈良"},
  {"code": "53", "name": "向日町"},
  {"code": "54", "name": "和歌山"},
  {"code": "55", "name": "岸和田"},
  {"code": "61", "name": "玉野"},
  {"code": "62", "name": "広島"},
  {"code": "63", "name": "防府"},
  {"code": "71", "name": "高松"},
  {"code": "72", "name": "小松島"},
  {"code": "73", "name": "高知"},
  {"code": "74", "name": "松山"},
  {"code": "81", "name": "小倉"},
  {"code": "82", "name": "久留米"},
  {"code": "83", "name": "武雄"},
  {"code": "84", "name": "佐世保"},
  {"code": "85", "name": "別府"},
  {"code": "86", "name": "熊本"}
]
